{
  "word_count": 0.1483185135507227,
  "char_count": 0.134237511360005,
  "punctuation_ratio": 0.09846662734439521,
  "avg_word_length": 0.09472757308240046,
  "caps_ratio": 0.09260081500029038,
  "avg_sentence_length": 0.09114214666380337,
  "punctuation_count": 0.06790746198014048,
  "flesch_kincaid": 0.06137622971844236,
  "sentence_count": 0.04306663626662823,
  "caps_count": 0.032235882204199956,
  "exclamation_ratio": 0.03161574620668456,
  "promo_keyword_ratio": 0.030875632802996874,
  "exclamation_count": 0.01664730338524696,
  "caps_present": 0.013006563713461946,
  "promo_keyword_count": 0.011124745969407566,
  "promo_unique_ratio": 0.007456163744037794,
  "question_ratio": 0.006383875611124025,
  "question_count": 0.006118549495132545,
  "caps_phrase_count": 0.005444863987716181,
  "multi_exclamation": 0.0036223657808820277,
  "emoji_ratio": 0.001485478143545911,
  "multi_question": 0.0011321829930602937,
  "emoji_count": 0.0006773627962467015,
  "emoji_diversity": 0.000320587082736439,
  "product_emoji": 9.181116691913757e-06,
  "positive_emoji": 0.0,
  "negative_emoji": 0.0,
  "buy_now_present": 0.0,
  "guaranteed_present": 0.0
}