{
  "word_count": 0.12682772911766443,
  "char_count": 0.12191297178134555,
  "punctuation_ratio": 0.09720889024306231,
  "avg_word_length": 0.08178632499860294,
  "caps_ratio": 0.07222044753447103,
  "avg_sentence_length": 0.07113736822618501,
  "punctuation_count": 0.0605612961329508,
  "promo_keyword_ratio": 0.059675952848165195,
  "exclamation_ratio": 0.05593334687770588,
  "flesch_kincaid": 0.04920121814187619,
  "caps_count": 0.04259771970882014,
  "sentence_count": 0.036796411977522085,
  "exclamation_count": 0.03540038540504105,
  "promo_keyword_count": 0.03454818147240871,
  "multi_exclamation": 0.0165865070180954,
  "caps_present": 0.014164319932223756,
  "promo_unique_ratio": 0.0071709638518717275,
  "question_count": 0.004887173393287736,
  "question_ratio": 0.004501564774094492,
  "caps_phrase_count": 0.0031106443896618857,
  "buy_now_present": 0.0020686940196813063,
  "multi_question": 0.0009961998285943354,
  "emoji_count": 0.0003640091819484692,
  "emoji_diversity": 0.00026195736113642036,
  "emoji_ratio": 7.97217835832214e-05,
  "product_emoji": 1.6421458740500024e-18,
  "guaranteed_present": 1.2806788319920626e-18,
  "positive_emoji": 0.0,
  "negative_emoji": 0.0
}