{
  "promo_keyword_count": 0.1953246966951961,
  "exclamation_ratio": 0.18347766948022537,
  "promo_keyword_ratio": 0.14268885293435837,
  "punctuation_ratio": 0.11883896602763258,
  "exclamation_count": 0.11332573582423318,
  "multi_exclamation": 0.09966198555028463,
  "punctuation_count": 0.044774859219502694,
  "sentence_count": 0.025672771682629904,
  "word_count": 0.022697826101670628,
  "avg_sentence_length": 0.01536189369888433,
  "char_count": 0.013383588186832308,
  "promo_unique_ratio": 0.009066995043584087,
  "caps_count": 0.006832422547425196,
  "buy_now_present": 0.003060972633552664,
  "multi_question": 0.0018373116184016132,
  "caps_ratio": 0.0013559322990294742,
  "question_ratio": 0.0011721889100715012,
  "caps_phrase_count": 0.0008223201174744288,
  "question_count": 0.0003329764695471873,
  "caps_present": 0.00021051084426552776,
  "flesch_kincaid": 8.484199957101322e-05,
  "avg_word_length": 1.4662089265834646e-05,
  "guaranteed_present": 2.0026361044482444e-08,
  "emoji_count": 1.8161001156406631e-16,
  "emoji_diversity": 1.3640328596184095e-16,
  "emoji_ratio": 8.804566381697377e-17,
  "positive_emoji": 0.0,
  "negative_emoji": 0.0,
  "product_emoji": 0.0
}