{
  "exclamation_ratio": 0.21040297293406385,
  "promo_keyword_count": 0.176266336922533,
  "promo_keyword_ratio": 0.14004010765626543,
  "punctuation_ratio": 0.1164984198693192,
  "exclamation_count": 0.11163002667483515,
  "multi_exclamation": 0.09996079670395415,
  "punctuation_count": 0.05292036023267926,
  "sentence_count": 0.022812916440984498,
  "word_count": 0.01720143049933771,
  "char_count": 0.014913946268509974,
  "avg_sentence_length": 0.012367169405111138,
  "promo_unique_ratio": 0.01121726579585721,
  "caps_count": 0.005986600168977213,
  "caps_ratio": 0.0029845706128381316,
  "buy_now_present": 0.0025746805041897834,
  "caps_phrase_count": 0.0006591389679147275,
  "question_ratio": 0.0003750000000001033,
  "flesch_kincaid": 0.0003106693721356709,
  "question_count": 0.0003080397281530327,
  "multi_question": 0.0002398211633706248,
  "emoji_diversity": 0.00012736056214321433,
  "avg_word_length": 0.00011927881753832442,
  "emoji_ratio": 8.218376647375622e-05,
  "guaranteed_present": 9.069328144822191e-07,
  "product_emoji": 1.6185619337790883e-16,
  "caps_present": 1.0900681277012359e-16,
  "emoji_count": 4.285729876604955e-17,
  "positive_emoji": 0.0,
  "negative_emoji": 0.0
}